{"meta": {"version": "7.3.2", "timestamp": "2023-11-13T19:59:50.589814", "branch_coverage": true, "show_contexts": false}, "files": {"src\\poodle\\__init__.py": {"executed_lines": [1, 3, 5, 6, 7, 8, 9, 12, 13, 16, 17, 22, 23, 24, 25], "summary": {"covered_lines": 6, "num_statements": 7, "percent_covered": 88.88888888888889, "percent_covered_display": "89", "missing_lines": 1, "excluded_lines": 8, "num_branches": 2, "num_partial_branches": 0, "covered_branches": 2, "missing_branches": 0}, "missing_lines": [18], "excluded_lines": [3, 5, 6, 7, 8, 9, 17, 19], "executed_branches": [[23, -1], [23, 24]], "missing_branches": []}, "src\\poodle\\cli.py": {"executed_lines": [], "summary": {"covered_lines": 0, "num_statements": 12, "percent_covered": 0.0, "percent_covered_display": "0", "missing_lines": 12, "excluded_lines": 6, "num_branches": 10, "num_partial_branches": 0, "covered_branches": 0, "missing_branches": 10}, "missing_lines": [12, 13, 14, 18, 20, 21, 22, 23, 24, 26, 36, 37], "excluded_lines": [1, 3, 4, 6, 8, 9], "executed_branches": [], "missing_branches": [[12, 13], [12, 18], [13, 12], [13, 14], [14, 13], [14, 18], [18, 14], [18, 36], [36, -1], [36, 37]]}, "src\\poodle\\config.py": {"executed_lines": [1, 3, 5, 6, 7, 9, 10, 12, 13, 14, 15, 16, 17, 18, 21, 23, 24, 26, 44, 51, 52, 53, 54, 55, 57, 62, 63, 64, 65, 67, 70, 72, 73, 75, 76, 81, 82, 85, 87, 88, 89, 92, 97, 104, 105, 107, 108, 109, 110, 112, 115, 125, 127, 128, 130, 131, 132, 133, 134, 137, 149, 150, 152, 158, 159, 161, 162, 163, 165, 166, 168, 169, 170, 171, 174, 191, 223, 233, 235, 236, 238, 241, 253, 254, 256, 262, 263, 265, 266, 268, 269, 270, 271, 272, 275, 288, 289, 291, 292, 294, 295, 297, 300, 313, 314, 316, 318, 319, 320, 321, 322, 323, 325, 326, 327, 328, 329, 330, 332, 335], "summary": {"covered_lines": 113, "num_statements": 128, "percent_covered": 87.09677419354838, "percent_covered_display": "87", "missing_lines": 15, "excluded_lines": 6, "num_branches": 58, "num_partial_branches": 1, "covered_branches": 49, "missing_branches": 9}, "missing_lines": [184, 186, 187, 188, 202, 203, 205, 211, 212, 214, 215, 217, 218, 220, 333], "excluded_lines": [3, 5, 6, 7, 9, 10], "executed_branches": [[51, 52], [51, 57], [52, 53], [52, 55], [62, 63], [62, 67], [64, 62], [64, 65], [72, 73], [72, 75], [75, 76], [75, 81], [97, -97], [97, 97], [97, 104], [104, 105], [104, 107], [107, 108], [107, 112], [108, 107], [108, 109], [127, 128], [127, 130], [158, 159], [158, 161], [162, 163], [162, 165], [165, 166], [165, 168], [168, -168], [168, -137], [168, 168], [168, 169], [235, 236], [235, 238], [262, 263], [262, 265], [265, 266], [265, 268], [269, -269], [269, -241], [269, 269], [269, 270], [288, 289], [288, 291], [291, 292], [291, 294], [294, 295], [294, 297], [318, 319], [318, 325], [325, 326], [325, 332], [332, 335]], "missing_branches": [[186, 187], [186, 188], [211, 212], [211, 214], [214, 215], [214, 217], [217, 218], [217, 220], [332, 333]]}, "src\\poodle\\core.py": {"executed_lines": [], "summary": {"covered_lines": 0, "num_statements": 54, "percent_covered": 0.0, "percent_covered_display": "0", "missing_lines": 54, "excluded_lines": 8, "num_branches": 28, "num_partial_branches": 0, "covered_branches": 0, "missing_branches": 28}, "missing_lines": [14, 15, 17, 18, 20, 22, 23, 25, 26, 28, 29, 31, 32, 34, 37, 38, 48, 49, 50, 51, 52, 53, 54, 55, 58, 59, 60, 61, 62, 69, 70, 71, 73, 74, 75, 76, 77, 78, 79, 80, 83, 84, 85, 86, 87, 88, 89, 90, 91, 92, 93, 94, 95, 96], "excluded_lines": [1, 3, 4, 6, 8, 9, 10, 11], "executed_branches": [], "missing_branches": [[17, 18], [17, 20], [38, -38], [38, -37], [50, -48], [50, 51], [53, 50], [53, 54], [54, 53], [54, 55], [59, 60], [59, 62], [70, 71], [70, 73], [75, 76], [75, 77], [77, 78], [77, 79], [79, -58], [79, 80], [84, -84], [84, 85], [85, -83], [85, 86], [87, -83], [87, 88], [94, 95], [94, 96]]}, "src\\poodle\\data_types\\__init__.py": {"executed_lines": [1, 2, 3], "summary": {"covered_lines": 0, "num_statements": 0, "percent_covered": 100.0, "percent_covered_display": "100", "missing_lines": 0, "excluded_lines": 3, "num_branches": 0, "num_partial_branches": 0, "covered_branches": 0, "missing_branches": 0}, "missing_lines": [], "excluded_lines": [1, 2, 3], "executed_branches": [], "missing_branches": []}, "src\\poodle\\data_types\\data.py": {"executed_lines": [1, 3, 5, 6, 8, 12, 13, 14, 16, 17, 18, 19, 20, 22, 23, 24, 26, 27, 30, 31, 32, 34, 35, 36, 37, 38, 41, 42, 43, 45, 46, 49, 50, 51, 53, 54, 55, 57, 58, 59, 60, 61, 64, 65, 66, 68, 69], "summary": {"covered_lines": 37, "num_statements": 37, "percent_covered": 100.0, "percent_covered_display": "100", "missing_lines": 0, "excluded_lines": 5, "num_branches": 10, "num_partial_branches": 0, "covered_branches": 10, "missing_branches": 0}, "missing_lines": [], "excluded_lines": [3, 5, 6, 8, 9], "executed_branches": [[12, 13], [12, 14], [30, 31], [30, 32], [41, 42], [41, 43], [49, 50], [49, 51], [64, 65], [64, 66]], "missing_branches": []}, "src\\poodle\\data_types\\interfaces.py": {"executed_lines": [1, 3, 5, 6, 8, 10, 15, 22, 23, 25, 27, 29, 30, 38], "summary": {"covered_lines": 7, "num_statements": 7, "percent_covered": 100.0, "percent_covered_display": "100", "missing_lines": 0, "excluded_lines": 7, "num_branches": 2, "num_partial_branches": 0, "covered_branches": 2, "missing_branches": 0}, "missing_lines": [], "excluded_lines": [3, 5, 6, 8, 10, 11, 12], "executed_branches": [[30, -22], [30, 29]], "missing_branches": []}, "src\\poodle\\data_types\\work.py": {"executed_lines": [1, 3, 5, 7, 8, 10, 15, 16, 18, 20, 21, 22, 23, 25, 26, 27, 28, 29, 31, 33, 35], "summary": {"covered_lines": 14, "num_statements": 14, "percent_covered": 100.0, "percent_covered_display": "100", "missing_lines": 0, "excluded_lines": 7, "num_branches": 0, "num_partial_branches": 0, "covered_branches": 0, "missing_branches": 0}, "missing_lines": [], "excluded_lines": [3, 5, 7, 8, 10, 11, 12], "executed_branches": [], "missing_branches": []}, "src\\poodle\\mutate.py": {"executed_lines": [], "summary": {"covered_lines": 0, "num_statements": 27, "percent_covered": 0.0, "percent_covered_display": "0", "missing_lines": 27, "excluded_lines": 10, "num_branches": 22, "num_partial_branches": 0, "covered_branches": 0, "missing_branches": 22}, "missing_lines": [17, 22, 24, 27, 29, 32, 37, 38, 40, 41, 42, 43, 45, 49, 52, 54, 66, 68, 78, 86, 88, 89, 90, 91, 93, 94, 96], "excluded_lines": [3, 5, 6, 7, 9, 10, 11, 12, 14, 15], "executed_branches": [], "missing_branches": [[24, -24], [24, 27], [29, -29], [29, -22], [37, 38], [37, 40], [40, 41], [40, 42], [42, 43], [42, 45], [54, -54], [54, -52], [68, -68], [68, -66], [89, 90], [89, 91], [93, -93], [93, 94], [94, -94], [94, 96], [96, -96], [96, -78]]}, "src\\poodle\\mutators\\__init__.py": {"executed_lines": [1], "summary": {"covered_lines": 0, "num_statements": 0, "percent_covered": 100.0, "percent_covered_display": "100", "missing_lines": 0, "excluded_lines": 0, "num_branches": 0, "num_partial_branches": 0, "covered_branches": 0, "missing_branches": 0}, "missing_lines": [], "excluded_lines": [], "executed_branches": [], "missing_branches": []}, "src\\poodle\\mutators\\bin_op.py": {"executed_lines": [1, 3, 5, 6, 8, 10, 13, 14, 33, 78, 80, 81, 83, 84, 85, 86, 88, 90, 92, 93, 95, 97, 98, 100, 101, 103, 105, 107], "summary": {"covered_lines": 21, "num_statements": 21, "percent_covered": 100.0, "percent_covered_display": "100", "missing_lines": 0, "excluded_lines": 5, "num_branches": 8, "num_partial_branches": 0, "covered_branches": 8, "missing_branches": 0}, "missing_lines": [], "excluded_lines": [3, 5, 6, 8, 10], "executed_branches": [[84, 85], [84, 88], [97, -95], [97, 98], [100, 101], [100, 103], [103, -103], [103, -95], [103, 103]], "missing_branches": []}, "src\\poodle\\run.py": {"executed_lines": [], "summary": {"covered_lines": 0, "num_statements": 47, "percent_covered": 0.0, "percent_covered_display": "0", "missing_lines": 47, "excluded_lines": 10, "num_branches": 22, "num_partial_branches": 0,