{"meta": {"version": "7.3.2", "timestamp": "2023-11-05T10:31:24.145234", "branch_coverage": true, "show_contexts": false}, "files": {"src\\poodle\\__init__.py": {"executed_lines": [1, 2, 5, 6], "summary": {"covered_lines": 2, "num_statements": 2, "percent_covered": 100.0, "percent_covered_display": "100", "missing_lines": 0, "excluded_lines": 2, "num_branches": 0, "num_partial_branches": 0, "covered_branches": 0, "missing_branches": 0}, "missing_lines": [], "excluded_lines": [1, 2], "executed_branches": [], "missing_branches": []}, "src\\poodle\\cli.py": {"executed_lines": [], "summary": {"covered_lines": 0, "num_statements": 12, "percent_covered": 0.0, "percent_covered_display": "0", "missing_lines": 12, "excluded_lines": 5, "num_branches": 10, "num_partial_branches": 0, "covered_branches": 0, "missing_branches": 10}, "missing_lines": [10, 11, 12, 16, 18, 19, 20, 21, 22, 24, 34, 35], "excluded_lines": [1, 3, 4, 6, 7], "executed_branches": [], "missing_branches": [[10, 11], [10, 16], [11, 10], [11, 12], [12, 11], [12, 16], [16, 12], [16, 34], [34, -1], [34, 35]]}, "src\\poodle\\config.py": {"executed_lines": [1, 2, 3, 5, 6, 8, 9, 13, 14, 15, 17, 18, 19, 20, 21, 24, 38, 39, 40, 41, 42, 44, 46, 48, 49, 50, 51, 53, 56, 57, 58, 60, 61, 66, 69, 70, 71, 72, 75, 76, 78, 79, 81, 82, 83, 85, 88, 89, 90, 92, 93, 94, 95, 96, 98, 99, 100, 101, 102, 104, 107, 108, 110, 111, 112, 113, 114, 116, 117, 118, 119, 120, 122, 125, 126, 128, 129, 130, 131, 132, 134, 135, 136, 137, 138, 140], "summary": {"covered_lines": 79, "num_statements": 83, "percent_covered": 96.7479674796748, "percent_covered_display": "97", "missing_lines": 4, "excluded_lines": 8, "num_branches": 40, "num_partial_branches": 0, "covered_branches": 40, "missing_branches": 0}, "missing_lines": [10, 25, 26, 28], "excluded_lines": [1, 2, 3, 5, 6, 9, 11, 15], "executed_branches": [[39, 40], [39, 46], [41, 42], [41, 44], [48, 49], [48, 53], [50, 48], [50, 51], [57, 58], [57, 60], [60, 61], [60, 66], [78, 79], [78, 81], [81, 82], [81, 85], [82, 81], [82, 83], [89, 90], [89, 92], [90, -90], [90, -88], [90, 90], [92, 93], [92, 98], [94, -94], [94, -88], [94, 94], [94, 95], [98, 99], [98, 104], [100, -100], [100, -88], [100, 100], [100, 101], [104, -104], [104, -88], [104, 104], [110, 111], [110, 116], [116, 117], [116, 122], [128, 129], [128, 134], [134, 135], [134, 140]], "missing_branches": []}, "src\\poodle\\core.py": {"executed_lines": [], "summary": {"covered_lines": 0, "num_statements": 98, "percent_covered": 0.0, "percent_covered_display": "0", "missing_lines": 98, "excluded_lines": 12, "num_branches": 54, "num_partial_branches": 0, "covered_branches": 0, "missing_branches": 54}, "missing_lines": [17, 18, 20, 21, 23, 24, 26, 27, 29, 30, 32, 34, 37, 38, 41, 42, 44, 45, 47, 50, 51, 63, 64, 65, 66, 68, 71, 72, 73, 74, 75, 76, 77, 78, 81, 82, 85, 86, 87, 88, 97, 98, 99, 101, 104, 105, 106, 108, 109, 121, 128, 129, 130, 131, 133, 134, 135, 143, 145, 148, 149, 150, 151, 152, 153, 154, 155, 157, 160, 167, 168, 170, 171, 173, 174, 175, 177, 178, 180, 181, 182, 184, 186, 192, 194, 197, 198, 205, 206, 207, 209, 210, 211, 212, 213, 214, 215, 216], "excluded_lines": [1, 2, 3, 4, 5, 6, 7, 8, 10, 12, 13, 14], "executed_branches": [], "missing_branches": [[20, 21], [20, 23], [38, -38], [38, -37], [42, -42], [42, 44], [44, 45], [44, 47], [45, -45], [45, 44], [51, -51], [51, -50], [68, -68], [68, -63], [73, -71], [73, 74], [76, 73], [76, 77], [77, 76], [77, 78], [82, -82], [82, -81], [97, 98], [97, 101], [108, 109], [108, 143], [109, -109], [109, 121], [129, 108], [129, 130], [130, 131], [130, 133], [145, -145], [145, -104], [150, 151], [150, 152], [152, 153], [152, 154], [154, 155], [154, 157], [170, 171], [170, 173], [173, 174], [173, 186], [181, 182], [181, 184], [206, 207], [206, 209], [211, 212], [211, 213], [213, 214], [213, 215], [215, -197], [215, 216]]}, "src\\poodle\\data.py": {"executed_lines": [1, 2, 3, 6, 7, 8, 9, 10, 11, 12, 13, 16, 17, 18, 19, 20, 22, 23, 25, 26, 27, 28, 29, 32, 33, 34, 35, 36, 37, 38, 41, 42, 43, 44, 45, 46, 47, 48, 49, 51, 52, 53, 64, 65, 66, 67, 68, 70, 71, 72, 73, 74], "summary": {"covered_lines": 49, "num_statements": 49, "percent_covered": 100.0, "percent_covered_display": "100", "missing_lines": 0, "excluded_lines": 3, "num_branches": 10, "num_partial_branches": 0, "covered_branches": 10, "missing_branches": 0}, "missing_lines": [], "excluded_lines": [1, 2, 3], "executed_branches": [[6, 7], [6, 8], [32, 33], [32, 34], [41, 42], [41, 43], [52, -41], [52, 51], [64, 65], [64, 66]], "missing_branches": []}, "src\\poodle\\mutators.py": {"executed_lines": [1, 3, 4, 6, 13, 14, 15, 17, 18, 22, 23, 24, 25, 27, 28, 29, 30, 32, 34, 35, 36, 52, 97, 98, 99, 101, 102, 104, 106, 107], "summary": {"covered_lines": 26, "num_statements": 27, "percent_covered": 97.29729729729729, "percent_covered_display": "97", "missing_lines": 1, "excluded_lines": 6, "num_branches": 10, "num_partial_branches": 0, "covered_branches": 10, "missing_branches": 0}, "missing_lines": [19], "excluded_lines": [1, 3, 4, 6, 8, 9], "executed_branches": [[18, -13], [18, 17], [28, 29], [28, 32], [98, -97], [98, 99], [101, 102], [101, 104], [104, -104], [104, -97], [104, 104]], "missing_branches": []}, "src\\poodle\\runners.py": {"executed_lines": [1, 2, 3, 4, 6, 11, 12, 13, 19, 32, 38, 39, 44, 45, 50], "summary": {"covered_lines": 10, "num_statements": 10, "percent_covered": 100.0, "percent_covered_display": "100", "missing_lines": 0, "excluded_lines": 5, "num_branches": 4, "num_partial_branches": 0, "covered_branches": 4, "missing_branches": 0}, "missing_lines": [], "excluded_lines": [1, 2, 3, 4, 6], "executed_branches": [[38, 39], [38, 44], [44, 45], [44, 50]], "missing_branches": []}}, "totals": {"covered_lines": 166, "num_statements": 281, "percent_covered": 56.23471882640587, "percent_covered_display": "56", "missing_lines": 115, "excluded_lines": 41, "num_branches": 128, "num_partial_branches": 0, "covered_branches": 64, "missing_branches": 64}}