{"meta": {"version": "7.3.3", "timestamp": "2023-12-20T04:28:23.868377", "branch_coverage": true, "show_contexts": false}, "files": {"src/poodle/__init__.py": {"executed_lines": [1, 3, 5, 6, 7, 8, 9, 12, 13, 16, 17, 20, 21, 26, 27, 28, 29], "summary": {"covered_lines": 7, "num_statements": 8, "percent_covered": 90.0, "percent_covered_display": "90", "missing_lines": 1, "excluded_lines": 8, "num_branches": 2, "num_partial_branches": 0, "covered_branches": 2, "missing_branches": 0}, "missing_lines": [22], "excluded_lines": [3, 5, 6, 7, 8, 9, 21, 23], "executed_branches": [[27, -1], [27, 28]], "missing_branches": []}, "src/poodle/cli.py": {"executed_lines": [1, 3, 5, 6, 8, 10, 11, 13, 18, 19, 20, 21, 22, 23, 24, 25, 26, 36, 37, 38, 39, 40, 42, 43, 44, 45, 46, 58], "summary": {"covered_lines": 21, "num_statements": 22, "percent_covered": 95.23809523809524, "percent_covered_display": "95", "missing_lines": 1, "excluded_lines": 6, "num_branches": 20, "num_partial_branches": 1, "covered_branches": 19, "missing_branches": 1}, "missing_lines": [59], "excluded_lines": [3, 5, 6, 8, 10, 11], "executed_branches": [[18, 19], [18, 26], [19, 18], [19, 20], [20, 19], [20, 21], [21, 20], [21, 22], [22, 21], [22, 23], [23, 22], [23, 24], [24, 23], [24, 25], [25, 24], [25, 26], [26, 25], [26, 26], [26, 58], [58, -1]], "missing_branches": [[58, 59]]}, "src/poodle/config.py": {"executed_lines": [1, 3, 5, 6, 7, 8, 9, 11, 13, 14, 16, 18, 19, 21, 22, 23, 24, 25, 27, 29, 30, 31, 32, 34, 35, 38, 40, 41, 42, 43, 44, 45, 48, 58, 59, 61, 62, 68, 70, 73, 75, 115, 117, 118, 119, 120, 121, 122, 124, 125, 126, 127, 128, 129, 131, 134, 136, 137, 138, 141, 148, 149, 150, 151, 152, 154, 155, 156, 157, 158, 159, 161, 166, 167, 168, 169, 171, 174, 176, 177, 179, 180, 185, 186, 189, 191, 192, 193, 196, 201, 208, 209, 211, 212, 213, 214, 216, 219, 229, 231, 232, 234, 235, 237, 240, 250, 252, 253, 255, 256, 257, 258, 259, 262, 274, 275, 277, 283, 284, 286, 287, 288, 290, 291, 293, 294, 295, 296, 299, 309, 311, 312, 313, 316, 327, 328, 330, 336, 337, 339, 340, 342, 343, 345, 348, 358, 360, 361, 363, 364, 365, 366, 367, 370, 380, 382, 383, 385, 388, 400, 401, 403, 409, 410, 412, 413, 415, 416, 417, 418, 419, 422, 435, 436, 438, 439, 441, 442, 444, 447, 460, 461, 463, 465, 466, 467, 468, 469, 470, 472, 473, 474, 475, 476, 477, 479, 480, 482], "summary": {"covered_lines": 188, "num_statements": 188, "percent_covered": 100.0, "percent_covered_display": "100", "missing_lines": 0, "excluded_lines": 9, "num_branches": 80, "num_partial_branches": 0, "covered_branches": 80, "missing_branches": 0}, "missing_lines": [], "excluded_lines": [3, 5, 6, 7, 8, 9, 11, 13, 14], "executed_branches": [[40, 41], [40, 42], [43, 44], [43, 45], [117, 118], [117, 119], [119, 120], [119, 121], [121, 122], [121, 124], [124, 125], [124, 126], [126, 127], [126, 128], [128, 129], [128, 131], [136, 137], [136, 138], [148, 149], [148, 154], [149, 150], [149, 152], [154, 155], [154, 161], [156, 157], [156, 159], [166, 167], [166, 171], [168, 166], [168, 169], [176, 177], [176, 179], [179, 180], [179, 185], [208, 209], [208, 211], [211, 212], [211, 216], [212, 211], [212, 213], [231, 232], [231, 234], [234, 235], [234, 237], [252, 253], [252, 255], [283, 284], [283, 286], [287, 288], [287, 290], [290, 291], [290, 293], [311, 312], [311, 313], [336, 337], [336, 339], [339, 340], [339, 342], [342, 343], [342, 345], [360, 361], [360, 363], [382, 383], [382, 385], [409, 410], [409, 412], [412, 413], [412, 415], [435, 436], [435, 438], [438, 439], [438, 441], [441, 442], [441, 444], [465, 466], [465, 472], [472, 473], [472, 479], [479, 480], [479, 482]], "missing_branches": []}, "src/poodle/core.py": {"executed_lines": [1, 3, 5, 6, 8, 10, 11, 12, 13, 14, 15, 17, 20, 22, 23, 24, 26, 27, 28, 30, 32, 33, 34, 36, 37, 39, 40, 41, 43, 46, 47, 49, 50, 51, 52, 53, 54, 55, 56], "summary": {"covered_lines": 28, "num_statements": 29, "percent_covered": 95.1219512195122, "percent_covered_display": "95", "missing_lines": 1, "excluded_lines": 10, "num_branches": 12, "num_partial_branches": 1, "covered_branches": 11, "missing_branches": 1}, "missing_lines": [44], "excluded_lines": [3, 5, 6, 8, 10, 11, 12, 13, 14, 15], "executed_branches": [[26, 27], [26, 30], [43, 46], [46, 47], [46, 49], [51, 52], [51, 54], [52, -20], [52, 53], [55, -20], [55, 56]], "missing_branches": [[43, 44]]}, "src/poodle/data_types/__init__.py": {"executed_lines": [1, 3, 13, 14], "summary": {"covered_lines": 0, "num_statements": 0, "percent_covered": 100.0, "percent_covered_display": "100", "missing_lines": 0, "excluded_lines": 3, "num_branches": 0, "num_partial_branches": 0, "covered_branches": 0, "missing_branches": 0}, "missing_lines": [], "excluded_lines": [3, 13, 14], "executed_branches": [], "missing_branches": []}, "src/poodle/data_types/data.py": {"executed_lines": [1, 3, 5, 6, 7, 9, 13, 14, 15, 17, 18, 20, 22, 24, 27, 28, 29, 31, 32, 34, 35, 36, 38, 39, 40, 42, 44, 45, 46, 47, 49, 50, 51, 53, 54, 55, 56, 58, 59, 62, 63, 64, 66, 67, 68, 69, 70, 71, 74, 75, 76, 78, 79, 80, 82, 83, 85, 86, 87, 88, 89, 91, 93, 94, 95, 96, 97, 100, 101, 102, 104, 105, 106, 108, 109, 110, 111, 112, 115, 116, 117, 119, 120, 121, 123, 124, 126, 127, 128, 129, 130, 132, 134, 135, 136, 137, 140, 141, 142, 144, 145, 146, 147, 148, 149, 150, 152, 154, 155, 156, 157, 158, 159, 160, 161, 163, 165, 166, 168, 171, 172, 173, 175, 176, 178, 179, 181, 182, 183, 184, 185, 187, 189, 190, 191, 192], "summary": {"covered_lines": 122, "num_statements": 122, "percent_covered": 98.23529411764706, "percent_covered_display": "98", "missing_lines": 0, "excluded_lines": 6, "num_branches": 48, "num_partial_branches": 3, "covered_branches": 45, "missing_branches": 3}, "missing_lines": [], "excluded_lines": [3, 5, 6, 7, 9, 10], "executed_branches": [[13, 14], [13, 15], [18, 17], [18, 22], [27, 28], [27, 29], [62, 63], [62, 64], [74, 75], [74, 76], [83, 82], [83, 91], [85, 86], [87, 88], [95, 96], [100, 101], [100, 102], [115, 116], [115, 117], [124, 123], [124, 132], [126, 127], [126, 128], [128, 129], [128, 130], [140, 141], [140, 142], [154, 155], [154, 165], [156, 157], [156, 158], [158, 159], [158, 160], [160, 161], [160, 163], [165, 166], [165, 168], [171, 172], [171, 173], [179, 178], [179, 187], [181, 182], [181, 183], [183, 184], [183, 185]], "missing_branches": [[85, 87], [87, 89], [95, 97]]}, "src/poodle/data_types/interfaces.py": {"executed_lines": [1, 3, 5, 6, 7, 9, 11, 15, 29, 30, 32, 34, 35, 37, 39, 40, 46, 47, 49, 51, 60, 61, 63, 64, 65, 66, 68, 69, 70, 72, 73, 74, 75, 76, 78, 79, 81, 82, 83, 84, 85, 86, 88, 90, 91, 93, 94, 95, 97, 98, 103, 104, 106, 107, 109, 110, 112, 116, 132], "summary": {"covered_lines": 51, "num_statements": 51, "percent_covered": 98.85057471264368, "percent_covered_display": "99", "missing_lines": 0, "excluded_lines": 7, "num_branches": 36, "num_partial_branches": 1, "covered_branches": 35, "missing_branches": 1}, "missing_lines": [], "excluded_lines": [3, 5, 6, 7, 9, 11, 12], "executed_branches": [[40, 39], [40, 46], [47, 46], [47, 60], [61, 60], [61, 90], [68, 69], [68, 88], [69, 70], [69, 72], [72, 73], [72, 75], [75, 76], [75, 78], [78, 79], [78, 81], [81, 82], [81, 85], [83, 84], [85, 68], [85, 86], [91, 90], [91, 97], [93, -90], [93, 94], [94, 93], [94, 95], [98, -29], [98, 97], [103, 104], [103, 106], [106, 107], [106, 109], [109, 110], [109, 112]], "missing_branches": [[83, 68]]}, "src/poodle/data_types/work.py": {"executed_lines": [1, 3, 5, 6, 7, 9, 11, 13, 21, 22, 24, 26, 27, 28, 29, 30, 32, 33, 35, 36, 37, 38, 39, 41, 43, 45, 48, 49, 50, 52, 53, 55, 65, 66, 67, 68], "summary": {"covered_lines": 27, "num_statements": 27, "percent_covered": 100.0, "percent_covered_display": "100", "missing_lines": 0, "excluded_lines": 10, "num_branches": 8, "num_partial_branches": 0, "covered_branches": 8, "missing_branches": 0}, "missing_lines": [], "excluded_lines": [3, 5, 6, 7, 9, 13, 14, 15, 17, 18],