{"meta": {"version": "7.4.0", "timestamp": "2024-01-03T02:08:10.580985", "branch_coverage": true, "show_contexts": false}, "files": {"src/poodle/__init__.py": {"executed_lines": [1, 3, 5, 6, 7, 8, 9, 11, 14, 15, 18, 19, 22, 23, 28, 29, 30, 31], "summary": {"covered_lines": 8, "num_statements": 9, "percent_covered": 90.9090909090909, "percent_covered_display": "91", "missing_lines": 1, "excluded_lines": 8, "num_branches": 2, "num_partial_branches": 0, "covered_branches": 2, "missing_branches": 0}, "missing_lines": [24], "excluded_lines": [3, 5, 6, 7, 8, 9, 23, 25], "executed_branches": [[29, -1], [29, 30]], "missing_branches": []}, "src/poodle/cli.py": {"executed_lines": [1, 3, 5, 6, 7, 9, 11, 12, 14, 19, 20, 21, 22, 23, 24, 25, 26, 27, 28, 39, 40, 41, 42, 43, 45, 46, 47, 48, 49, 50, 51, 52, 53, 54, 67], "summary": {"covered_lines": 27, "num_statements": 28, "percent_covered": 96.15384615384616, "percent_covered_display": "96", "missing_lines": 1, "excluded_lines": 7, "num_branches": 24, "num_partial_branches": 1, "covered_branches": 23, "missing_branches": 1}, "missing_lines": [68], "excluded_lines": [3, 5, 6, 7, 9, 11, 12], "executed_branches": [[19, 20], [19, 28], [20, 19], [20, 21], [21, 20], [21, 22], [22, 21], [22, 23], [23, 22], [23, 24], [24, 23], [24, 25], [25, 24], [25, 26], [26, 25], [26, 27], [27, 26], [27, 28], [28, 27], [28, 28], [28, 67], [47, 48], [47, 50], [67, -1]], "missing_branches": [[67, 68]]}, "src/poodle/config.py": {"executed_lines": [1, 3, 5, 6, 7, 8, 9, 11, 13, 14, 16, 18, 19, 21, 22, 23, 24, 25, 27, 29, 30, 31, 32, 34, 35, 38, 40, 41, 42, 43, 44, 45, 48, 59, 60, 61, 63, 64, 70, 72, 75, 77, 78, 80, 122, 124, 125, 126, 127, 128, 129, 131, 132, 133, 134, 135, 136, 138, 141, 143, 144, 145, 148, 155, 156, 157, 158, 159, 161, 162, 163, 164, 165, 166, 168, 173, 174, 175, 176, 178, 181, 183, 184, 186, 187, 192, 193, 196, 198, 199, 201, 202, 207, 208, 211, 213, 214, 215, 218, 220, 221, 222, 225, 230, 237, 238, 240, 241, 242, 243, 245, 248, 258, 260, 261, 263, 264, 266, 269, 279, 281, 282, 284, 285, 286, 287, 288, 291, 303, 304, 306, 312, 313, 315, 316, 317, 319, 320, 322, 323, 324, 325, 328, 338, 340, 341, 342, 345, 356, 357, 359, 365, 366, 368, 369, 371, 372, 374, 377, 387, 389, 390, 392, 393, 394, 395, 396, 399, 409, 411, 412, 414, 417, 429, 430, 432, 438, 439, 441, 442, 444, 445, 446, 447, 448, 451, 464, 465, 467, 468, 470, 471, 473, 476, 489, 490, 492, 494, 495, 496, 497, 498, 499, 501, 502, 503, 504, 505, 506, 508, 509, 511], "summary": {"covered_lines": 202, "num_statements": 202, "percent_covered": 100.0, "percent_covered_display": "100", "missing_lines": 0, "excluded_lines": 9, "num_branches": 84, "num_partial_branches": 0, "covered_branches": 84, "missing_branches": 0}, "missing_lines": [], "excluded_lines": [3, 5, 6, 7, 8, 9, 11, 13, 14], "executed_branches": [[40, 41], [40, 42], [43, 44], [43, 45], [124, 125], [124, 126], [126, 127], [126, 128], [128, 129], [128, 131], [131, 132], [131, 133], [133, 134], [133, 135], [135, 136], [135, 138], [143, 144], [143, 145], [155, 156], [155, 161], [156, 157], [156, 159], [161, 162], [161, 168], [163, 164], [163, 166], [173, 174], [173, 178], [175, 173], [175, 176], [183, 184], [183, 186], [186, 187], [186, 192], [198, 199], [198, 201], [201, 202], [201, 207], [237, 238], [237, 240], [240, 241], [240, 245], [241, 240], [241, 242], [260, 261], [260, 263], [263, 264], [263, 266], [281, 282], [281, 284], [312, 313], [312, 315], [316, 317], [316, 319], [319, 320], [319, 322], [340, 341], [340, 342], [365, 366], [365, 368], [368, 369], [368, 371], [371, 372], [371, 374], [389, 390], [389, 392], [411, 412], [411, 414], [438, 439], [438, 441], [441, 442], [441, 444], [464, 465], [464, 467], [467, 468], [467, 470], [470, 471], [470, 473], [494, 495], [494, 501], [501, 502], [501, 508], [508, 509], [508, 511]], "missing_branches": []}, "src/poodle/core.py": {"executed_lines": [1, 3, 5, 6, 8, 10, 11, 12, 13, 14, 15, 17, 20, 22, 23, 24, 25, 27, 28, 29, 31, 33, 34, 35, 37, 38, 40, 41, 42, 44, 47, 48, 50, 51, 52, 53, 54, 55, 56, 57, 60, 73, 75, 76, 77, 78, 79, 80, 81, 82], "summary": {"covered_lines": 39, "num_statements": 40, "percent_covered": 96.15384615384616, "percent_covered_display": "96", "missing_lines": 1, "excluded_lines": 10, "num_branches": 12, "num_partial_branches": 1, "covered_branches": 11, "missing_branches": 1}, "missing_lines": [45], "excluded_lines": [3, 5, 6, 8, 10, 11, 12, 13, 14, 15], "executed_branches": [[27, 28], [27, 31], [44, 47], [47, 48], [47, 50], [52, 53], [52, 55], [53, -20], [53, 54], [56, -20], [56, 57]], "missing_branches": [[44, 45]]}, "src/poodle/data_types/__init__.py": {"executed_lines": [1, 3, 13, 14], "summary": {"covered_lines": 0, "num_statements": 0, "percent_covered": 100.0, "percent_covered_display": "100", "missing_lines": 0, "excluded_lines": 3, "num_branches": 0, "num_partial_branches": 0, "covered_branches": 0, "missing_branches": 0}, "missing_lines": [], "excluded_lines": [3, 13, 14], "executed_branches": [], "missing_branches": []}, "src/poodle/data_types/data.py": {"executed_lines": [1, 3, 5, 6, 7, 9, 13, 14, 15, 17, 18, 20, 22, 24, 27, 28, 29, 31, 32, 34, 35, 37, 38, 39, 41, 42, 43, 45, 47, 48, 49, 50, 52, 53, 54, 56, 57, 58, 59, 61, 62, 65, 66, 67, 69, 70, 71, 72, 73, 74, 77, 78, 79, 81, 82, 83, 85, 86, 88, 89, 90, 91, 92, 94, 96, 97, 98, 99, 100, 103, 104, 105, 107, 108, 109, 111, 112, 113, 114, 115, 118, 119, 120, 122, 123, 124, 126, 127, 129, 130, 131, 132, 133, 135, 137, 138, 139, 140, 143, 144, 145, 147, 148, 149, 150, 151, 152, 154, 155, 157, 158, 159, 160, 161, 163, 164, 166, 168, 170, 171, 172, 173, 174, 175, 176, 177, 179, 181, 183, 184, 186, 187, 188, 190, 192, 193, 194, 195, 198, 199, 200, 202, 203, 205, 206, 208, 209, 210, 211, 212, 214, 216, 217, 218, 219], "summary": {"covered_lines": 141, "num_statements": 141, "percent_covered": 98.4771573604061, "percent_covered_display": "98", "missing_lines": 0, "excluded_lines": 6, "num_branches": 56, "num_partial_branches": 3, "covered_branches": 53, "missing_branches": 3}, "missing_lines": [], "excluded_lines": [3, 5, 6, 7, 9, 10], "executed_branches": [[13, 14], [13, 15], [18, 17], [18, 22], [27, 28], [27, 29], [65, 66], [65, 67], [77, 78], [77, 79], [86, 85], [86, 94], [88, 89], [90, 91], [98, 99], [103, 104], [103, 105], [118, 119], [118, 120], [127, 126], [127, 135], [129, 130], [129, 131], [131, 132], [131, 133], [143, 144], [143, 145], [155, 154], [155, 163], [157, 158], [157, 159], [159, 160], [159, 161], [164, 163], [164, 168], [170, 171], [170, 181], [172, 173], [172, 174], [174, 175], [174, 176], [176, 177], [176, 179], [184, 183], [184, 190], [198, 199], [198, 200], [206, 205], [206, 214], [208, 209], [208, 210], [210, 211], [210, 212]], "missing_branches": [[88, 90], [90, 92], [98, 100]]}, "src/poodle/data_types/interfaces.py": {"executed_lines": [1, 3, 5, 6, 7, 9, 11, 15, 29, 30, 32, 34, 35, 37, 39, 40, 46, 47, 49, 51, 60, 61, 63, 64, 65, 66, 68, 69, 70, 72, 73, 74, 75, 76, 78, 79, 81, 82, 83, 84, 85, 86, 88, 90, 91, 93, 94, 95, 97, 98, 103, 104, 106, 107, 109, 110, 112, 116, 132], "summary": {"covered_lines": 51, "num_statements": 51, "percent_covered": 98.85057471264368, "percent_covered_display": "99", "missing_lines": 0, "excluded_lines": 7, "num_branches": 36, "num_partial_branches": 1, "covered_branches": 35, "missing_branches": 1}, "missing_lines": [], "excluded_lines": [3, 5, 6, 7, 9, 11, 12], "executed_branches": [[40, 39], [40, 46], [47, 46], [47, 60], [61, 60], [61, 90], [68, 69], [68, 88], [69, 70], [69, 72], [72, 73], [72, 75], [75, 76], [75, 78], [78, 79], [78, 81], [81, 82], [81, 85], [83, 84], [85, 68], [85, 86], [91, 90], [91, 97], [93, -90], [93, 94], [94, 93], [94, 95], [98, -29], [98, 97], [103, 104], [103, 106], [106, 107], [106, 109], [109, 110], [109, 112]], "missing_branches": [[83, 68]]},