{"meta": {"version": "7.3.2", "timestamp": "2023-12-04T14:17:44.042957", "branch_coverage": true, "show_contexts": false}, "files": {"src\\poodle\\__init__.py": {"executed_lines": [1, 3, 5, 6, 7, 8, 9, 12, 13, 16, 17, 20, 21, 26, 27, 28, 29], "summary": {"covered_lines": 7, "num_statements": 8, "percent_covered": 90.0, "percent_covered_display": "90", "missing_lines": 1, "excluded_lines": 8, "num_branches": 2, "num_partial_branches": 0, "covered_branches": 2, "missing_branches": 0}, "missing_lines": [22], "excluded_lines": [3, 5, 6, 7, 8, 9, 21, 23], "executed_branches": [[27, -1], [27, 28]], "missing_branches": []}, "src\\poodle\\cli.py": {"executed_lines": [], "summary": {"covered_lines": 0, "num_statements": 23, "percent_covered": 0.0, "percent_covered_display": "0", "missing_lines": 23, "excluded_lines": 6, "num_branches": 22, "num_partial_branches": 0, "covered_branches": 0, "missing_branches": 22}, "missing_lines": [13, 18, 19, 20, 21, 22, 23, 24, 25, 28, 35, 44, 45, 46, 47, 48, 50, 51, 52, 53, 54, 65, 66], "excluded_lines": [3, 5, 6, 8, 10, 11], "executed_branches": [], "missing_branches": [[18, 19], [18, 35], [19, 18], [19, 20], [20, 19], [20, 21], [21, 20], [21, 22], [22, 21], [22, 23], [23, 22], [23, 24], [24, 23], [24, 25], [25, 24], [25, 28], [28, 25], [28, 35], [35, 28], [35, 65], [65, -1], [65, 66]]}, "src\\poodle\\config.py": {"executed_lines": [1, 3, 5, 6, 7, 8, 9, 11, 12, 14, 15, 17, 18, 19, 20, 21, 22, 23, 24, 25, 28, 30, 31, 32, 33, 34, 35, 38, 47, 48, 50, 51, 57, 59, 60, 61, 63, 98, 100, 101, 106, 109, 111, 112, 117, 120, 127, 128, 129, 130, 131, 133, 138, 139, 140, 141, 143, 146, 148, 149, 151, 152, 157, 158, 161, 163, 164, 165, 168, 173, 180, 181, 183, 184, 185, 186, 188, 191, 201, 203, 204, 206, 207, 209, 212, 222, 224, 225, 227, 228, 229, 230, 231, 234, 246, 247, 249, 255, 256, 258, 259, 260, 262, 263, 265, 266, 267, 268, 271, 281, 283, 284, 285, 288, 299, 300, 302, 308, 309, 311, 312, 314, 315, 320, 330, 332, 333, 335, 336, 337, 338, 339, 342, 352, 354, 355, 357, 360, 372, 373, 375, 381, 382, 384, 385, 387, 388, 389, 390, 391, 394, 407, 408, 410, 411, 413, 414, 416, 419, 432, 433, 435, 437, 438, 439, 440, 441, 442, 444, 445, 446, 447, 448, 449, 451, 454], "summary": {"covered_lines": 167, "num_statements": 169, "percent_covered": 98.29787234042553, "percent_covered_display": "98", "missing_lines": 2, "excluded_lines": 8, "num_branches": 66, "num_partial_branches": 2, "covered_branches": 64, "missing_branches": 2}, "missing_lines": [317, 452], "excluded_lines": [3, 5, 6, 7, 8, 9, 11, 12], "executed_branches": [[30, 31], [30, 32], [33, 34], [33, 35], [100, 101], [100, 106], [111, 112], [111, 117], [127, 128], [127, 133], [128, 129], [128, 131], [138, 139], [138, 143], [140, 138], [140, 141], [148, 149], [148, 151], [151, 152], [151, 157], [180, 181], [180, 183], [183, 184], [183, 188], [184, 183], [184, 185], [203, 204], [203, 206], [206, 207], [206, 209], [224, 225], [224, 227], [255, 256], [255, 258], [259, 260], [259, 262], [262, 263], [262, 265], [283, 284], [283, 285], [308, 309], [308, 311], [311, 312], [311, 314], [314, 315], [332, 333], [332, 335], [354, 355], [354, 357], [381, 382], [381, 384], [384, 385], [384, 387], [407, 408], [407, 410], [410, 411], [410, 413], [413, 414], [413, 416], [437, 438], [437, 444], [444, 445], [444, 451], [451, 454]], "missing_branches": [[314, 317], [451, 452]]}, "src\\poodle\\core.py": {"executed_lines": [1, 3, 5, 6, 8, 10, 11, 12, 13, 14, 15, 17, 20, 22, 23, 24, 26, 27, 28, 30, 32, 33, 34, 36, 37, 39, 40, 42, 43, 45, 46, 47, 48, 49, 50, 51, 52], "summary": {"covered_lines": 26, "num_statements": 26, "percent_covered": 100.0, "percent_covered_display": "100", "missing_lines": 0, "excluded_lines": 10, "num_branches": 10, "num_partial_branches": 0, "covered_branches": 10, "missing_branches": 0}, "missing_lines": [], "excluded_lines": [3, 5, 6, 8, 10, 11, 12, 13, 14, 15], "executed_branches": [[26, 27], [26, 30], [42, 43], [42, 45], [47, 48], [47, 50], [48, -20], [48, 49], [51, -20], [51, 52]], "missing_branches": []}, "src\\poodle\\data_types\\__init__.py": {"executed_lines": [1, 3, 4, 5], "summary": {"covered_lines": 0, "num_statements": 0, "percent_covered": 100.0, "percent_covered_display": "100", "missing_lines": 0, "excluded_lines": 3, "num_branches": 0, "num_partial_branches": 0, "covered_branches": 0, "missing_branches": 0}, "missing_lines": [], "excluded_lines": [3, 4, 5], "executed_branches": [], "missing_branches": []}, "src\\poodle\\data_types\\data.py": {"executed_lines": [1, 3, 5, 6, 8, 14, 15, 16, 18, 19, 20, 21, 22, 23, 25, 27, 28, 29, 31, 32, 33, 35, 36, 38, 39, 42, 43, 44, 46, 47, 48, 49, 50, 51, 54, 55, 56, 58, 59, 62, 63, 64, 66, 67, 68, 70, 71, 72, 73, 74, 77, 78, 79, 81, 82, 85, 86, 87, 89, 90, 91, 92, 93, 94, 95, 97, 99, 100, 101, 102, 103, 104, 105, 106, 108, 110, 111, 113, 116, 117, 118, 120, 121], "summary": {"covered_lines": 71, "num_statements": 71, "percent_covered": 98.94736842105263, "percent_covered_display": "99", "missing_lines": 0, "excluded_lines": 6, "num_branches": 24, "num_partial_branches": 1, "covered_branches": 23, "missing_branches": 1}, "missing_lines": [], "excluded_lines": [3, 5, 6, 8, 9, 11], "executed_branches": [[14, 15], [14, 16], [42, 43], [42, 44], [54, 55], [54, 56], [62, 63], [62, 64], [77, 78], [77, 79], [85, 86], [85, 87], [99, 100], [99, 110], [101, 102], [101, 103], [103, 104], [103, 105], [105, 106], [105, 108], [110, 111], [116, 117], [116, 118]], "missing_branches": [[110, 113]]}, "src\\poodle\\data_types\\interfaces.py": {"executed_lines": [1, 3, 5, 6, 7, 9, 11, 15, 29, 30, 32, 34, 35, 37, 39, 40, 46, 47, 49, 51, 60, 61, 63, 64, 65, 66, 68, 69, 70, 72, 73, 74, 75, 76, 78, 79, 81, 82, 83, 84, 85, 86, 88, 90, 91, 93, 94, 95, 99, 107], "summary": {"covered_lines": 42, "num_statements": 42, "percent_covered": 98.57142857142857, "percent_covered_display": "99", "missing_lines": 0, "excluded_lines": 7, "num_branches": 28, "num_partial_branches": 1, "covered_branches": 27, "missing_branches": 1}, "missing_lines": [], "excluded_lines": [3, 5, 6, 7, 9, 11, 12], "executed_branches": [[40, 39], [40, 46], [47, 46], [47, 60], [61, 60], [61, 90], [68, 69], [68, 88], [69, 70], [69, 72], [72, 73], [72, 75], [75, 76], [75, 78], [78, 79], [78, 81], [81, 82], [81, 85], [83, 84], [85, 68], [85, 86], [91, -29], [91, 90], [93, -90], [93, 94], [94, 93], [94, 95]], "missing_branches": [[83, 68]]}, "src\\poodle\\data_types\\work.py": {"executed_lines": [1, 3, 5, 6, 8, 10, 12, 20, 21, 23, 25, 26, 27, 28, 29, 31, 33, 34, 35, 36, 37, 39, 41, 43], "summary": {"covered_lines": 17, "num_statements": 17, "percent_covered": 100.0, "percent_covered_display": "100", "missing_lines": 0, "excluded_lines": 9, "num_branches": 4, "num_partial_branches": 0, "covered_branches": 4, "missing_branches": 0}, "missing_lines": [], "excluded_lines": [3, 5, 6, 8, 12, 13, 14, 16, 17], "executed_branches": [[28, -28], [28, 29], [31, -31], [31, 33]], "missing_branches": []}, "src\\poodle\\mutate.py": {"executed_lines": [1, 3, 5, 6, 7, 8, 9, 11, 12, 13, 27, 29, 32, 34, 50, 52, 55, 57, 60, 65, 67, 68, 69, 70, 71, 72, 74, 75, 77, 78, 80, 84, 87, 89, 101, 103, 109, 110, 111, 112, 113, 114, 115, 116, 126, 134, 136, 137, 139, 140, 141, 142, 144, 145, 147, 148, 150, 153, 166, 168, 169, 170, 171, 172, 173, 174, 176, 179, 181, 182, 183, 186, 188, 189, 192, 193], "summary": {"covered_lines": 64, "num_statements": 64, "percent_covered": 100.0, "percent_covered_display": "100", "missing_lines": 0, "excluded_lines": 12, "num_branches": 28, "num_partial_branches": 0, "covered_branches": 28, "missing_branches": 0}, "missing_lines": [], "excluded_lines": [3, 5, 6, 7, 8, 9, 11, 12, 13, 27, 29, 30],