{"meta": {"version": "7.3.2", "timestamp": "2023-12-01T09:36:33.049128", "branch_coverage": true, "show_contexts": false}, "files": {"src\\poodle\\__init__.py": {"executed_lines": [1, 3, 5, 6, 7, 8, 9, 12, 13, 16, 17, 20, 21, 26, 27, 28, 29], "summary": {"covered_lines": 7, "num_statements": 8, "percent_covered": 90.0, "percent_covered_display": "90", "missing_lines": 1, "excluded_lines": 8, "num_branches": 2, "num_partial_branches": 0, "covered_branches": 2, "missing_branches": 0}, "missing_lines": [22], "excluded_lines": [3, 5, 6, 7, 8, 9, 21, 23], "executed_branches": [[27, -1], [27, 28]], "missing_branches": []}, "src\\poodle\\cli.py": {"executed_lines": [], "summary": {"covered_lines": 0, "num_statements": 20, "percent_covered": 0.0, "percent_covered_display": "0", "missing_lines": 20, "excluded_lines": 6, "num_branches": 16, "num_partial_branches": 0, "covered_branches": 0, "missing_branches": 16}, "missing_lines": [13, 18, 19, 20, 21, 22, 23, 27, 29, 30, 31, 32, 33, 35, 36, 37, 38, 39, 48, 49], "excluded_lines": [3, 5, 6, 8, 10, 11], "executed_branches": [], "missing_branches": [[18, 19], [18, 27], [19, 18], [19, 20], [20, 19], [20, 21], [21, 20], [21, 22], [22, 21], [22, 23], [23, 22], [23, 27], [27, 23], [27, 48], [48, -1], [48, 49]]}, "src\\poodle\\config.py": {"executed_lines": [1, 3, 5, 6, 7, 8, 10, 11, 13, 14, 16, 17, 18, 19, 20, 21, 22, 23, 24, 27, 29, 30, 32, 33, 39, 41, 69, 71, 72, 77, 80, 82, 83, 88, 91, 98, 99, 100, 101, 102, 104, 109, 110, 111, 112, 114, 117, 119, 120, 122, 123, 128, 129, 132, 134, 135, 136, 139, 144, 151, 152, 154, 155, 156, 157, 159, 162, 172, 174, 175, 177, 178, 180, 183, 193, 195, 196, 198, 199, 200, 201, 202, 205, 217, 218, 220, 226, 227, 229, 230, 231, 233, 234, 236, 237, 238, 239, 242, 259, 291, 301, 303, 304, 306, 309, 321, 322, 324, 330, 331, 333, 334, 336, 337, 338, 339, 340, 343, 356, 357, 359, 360, 362, 363, 365, 368, 381, 382, 384, 386, 387, 388, 389, 390, 391, 393, 394, 395, 396, 397, 398, 400, 403], "summary": {"covered_lines": 135, "num_statements": 150, "percent_covered": 88.57142857142857, "percent_covered_display": "89", "missing_lines": 15, "excluded_lines": 7, "num_branches": 60, "num_partial_branches": 1, "covered_branches": 51, "missing_branches": 9}, "missing_lines": [252, 254, 255, 256, 270, 271, 273, 279, 280, 282, 283, 285, 286, 288, 401], "excluded_lines": [3, 5, 6, 7, 8, 10, 11], "executed_branches": [[71, 72], [71, 77], [82, 83], [82, 88], [98, 99], [98, 104], [99, 100], [99, 102], [109, 110], [109, 114], [111, 109], [111, 112], [119, 120], [119, 122], [122, 123], [122, 128], [151, 152], [151, 154], [154, 155], [154, 159], [155, 154], [155, 156], [174, 175], [174, 177], [177, 178], [177, 180], [195, 196], [195, 198], [226, 227], [226, 229], [230, 231], [230, 233], [233, 234], [233, 236], [303, 304], [303, 306], [330, 331], [330, 333], [333, 334], [333, 336], [356, 357], [356, 359], [359, 360], [359, 362], [362, 363], [362, 365], [386, 387], [386, 393], [393, 394], [393, 400], [400, 403]], "missing_branches": [[254, 255], [254, 256], [279, 280], [279, 282], [282, 283], [282, 285], [285, 286], [285, 288], [400, 401]]}, "src\\poodle\\core.py": {"executed_lines": [], "summary": {"covered_lines": 0, "num_statements": 30, "percent_covered": 0.0, "percent_covered_display": "0", "missing_lines": 30, "excluded_lines": 10, "num_branches": 12, "num_partial_branches": 0, "covered_branches": 0, "missing_branches": 12}, "missing_lines": [17, 20, 22, 23, 24, 26, 27, 28, 30, 32, 33, 34, 36, 37, 39, 40, 42, 43, 44, 45, 47, 48, 50, 51, 52, 53, 54, 55, 56, 57], "excluded_lines": [3, 5, 6, 8, 10, 11, 12, 13, 14, 15], "executed_branches": [], "missing_branches": [[26, 27], [26, 30], [44, 45], [44, 47], [47, 48], [47, 50], [52, 53], [52, 55], [53, -20], [53, 54], [56, -20], [56, 57]]}, "src\\poodle\\data_types\\__init__.py": {"executed_lines": [1, 3, 4, 5], "summary": {"covered_lines": 0, "num_statements": 0, "percent_covered": 100.0, "percent_covered_display": "100", "missing_lines": 0, "excluded_lines": 3, "num_branches": 0, "num_partial_branches": 0, "covered_branches": 0, "missing_branches": 0}, "missing_lines": [], "excluded_lines": [3, 4, 5], "executed_branches": [], "missing_branches": []}, "src\\poodle\\data_types\\data.py": {"executed_lines": [1, 3, 5, 6, 8, 12, 13, 14, 16, 17, 18, 19, 20, 21, 22, 23, 25, 26, 27, 29, 30, 32, 33, 36, 37, 38, 40, 41, 42, 43, 44, 45, 48, 49, 50, 52, 53, 56, 57, 58, 60, 61, 62, 64, 65, 66, 67, 68, 71, 72, 73, 75, 76, 79, 80, 81, 83, 84, 85, 86, 87, 88, 89, 92, 93, 94, 96, 97], "summary": {"covered_lines": 56, "num_statements": 56, "percent_covered": 100.0, "percent_covered_display": "100", "missing_lines": 0, "excluded_lines": 5, "num_branches": 14, "num_partial_branches": 0, "covered_branches": 14, "missing_branches": 0}, "missing_lines": [], "excluded_lines": [3, 5, 6, 8, 9], "executed_branches": [[12, 13], [12, 14], [36, 37], [36, 38], [48, 49], [48, 50], [56, 57], [56, 58], [71, 72], [71, 73], [79, 80], [79, 81], [92, 93], [92, 94]], "missing_branches": []}, "src\\poodle\\data_types\\interfaces.py": {"executed_lines": [1, 3, 5, 6, 7, 9, 11, 15, 29, 30, 32, 34, 35, 37, 39, 40, 46, 47, 49, 51, 60, 61, 63, 64, 65, 66, 68, 69, 70, 72, 73, 74, 75, 76, 78, 79, 81, 82, 83, 84, 85, 86, 88, 90, 91, 93, 94, 95, 99, 107], "summary": {"covered_lines": 42, "num_statements": 42, "percent_covered": 98.57142857142857, "percent_covered_display": "99", "missing_lines": 0, "excluded_lines": 7, "num_branches": 28, "num_partial_branches": 1, "covered_branches": 27, "missing_branches": 1}, "missing_lines": [], "excluded_lines": [3, 5, 6, 7, 9, 11, 12], "executed_branches": [[40, 39], [40, 46], [47, 46], [47, 60], [61, 60], [61, 90], [68, 69], [68, 88], [69, 70], [69, 72], [72, 73], [72, 75], [75, 76], [75, 78], [78, 79], [78, 81], [81, 82], [81, 85], [83, 84], [85, 68], [85, 86], [91, -29], [91, 90], [93, -90], [93, 94], [94, 93], [94, 95]], "missing_branches": [[83, 68]]}, "src\\poodle\\data_types\\work.py": {"executed_lines": [1, 3, 5, 6, 8, 10, 12, 20, 21, 23, 25, 26, 27, 28, 29, 31, 33, 34, 35, 36, 37, 39, 41, 43], "summary": {"covered_lines": 17, "num_statements": 17, "percent_covered": 100.0, "percent_covered_display": "100", "missing_lines": 0, "excluded_lines": 9, "num_branches": 4, "num_partial_branches": 0, "covered_branches": 4, "missing_branches": 0}, "missing_lines": [], "excluded_lines": [3, 5, 6, 8, 12, 13, 14, 16, 17], "executed_branches": [[28, -28], [28, 29], [31, -31], [31, 33]], "missing_branches": []}, "src\\poodle\\mutate.py": {"executed_lines": [], "summary": {"covered_lines": 0, "num_statements": 55, "percent_covered": 0.0, "percent_covered_display": "0", "missing_lines": 55, "excluded_lines": 12, "num_branches": 22, "num_partial_branches": 0, "covered_branches": 0, "missing_branches": 22}, "missing_lines": [32, 34, 50, 52, 54, 57, 59, 62, 67, 69, 70, 72, 73, 75, 76, 78, 82, 85, 87, 89, 101, 103, 104, 114, 122, 124, 125, 127, 128, 129, 130, 132, 133, 135, 136, 138, 141, 154, 156, 157, 158, 159, 160, 161, 162, 164, 167, 169, 170, 171, 174, 176, 177, 180, 181], "excluded_lines": [3, 5, 6, 7, 8, 9, 11, 12, 13, 27, 29, 30], "executed_branches": [], "missing_branches": [[69, 70], [69, 72], [72, 73], [72, 75], [75, 76], [75, 78], [128, 129], [128, 130], [156, 157], [156, 164], [157, 158], [157, 159], [160, 156], [160, 161], [161, 160], [161, 162], [169, 170], [169, 171], [176, 177], [176, 181], [177, 176], [177, 180]]}, "src\\poodle\\mutators\\__init__.py": {"executed_lines": [1, 3, 4, 5, 6, 7], "summary": {"covered_lines": 0, "num_statements": 0, "percent_covered": 100.0, "percent_covered_display": "100", "missing_lines": 0, "excluded_lines": 5, "num_branches": 0, "num_partial_branches": 0, "covered_branches": 0, "missing_branches": 0}, "missing_lines": [], "excluded_lines": [3, 4, 5, 6, 7], "executed_branches": [], "missing_branches": []},